name,age,address,hobby
田中,33,埼玉,サッカー
田中,33,埼玉,サッカー
田中,33,埼玉,サッカー
田中,33,埼玉,サッカー
田中,33,埼玉,サッカー
田中,33,埼玉,サッカー
田中,33,埼玉,サッカー
田中,33,埼玉,サッカー
田中,33,埼玉,サッカー
田中,33,埼玉,サッカー
田中,33,埼玉,サッカー
田中,33,埼玉,サッカー
田中,33,埼玉,サッカー
田中,33,埼玉,サッカー
田中,33,埼玉,サッカー
田中,33,埼玉,サッカー
田中,33,埼玉,サッカー
田中,33,埼玉,サッカー
田中,33,埼玉,サッカー
田中,33,埼玉,サッカー
田中,33,埼玉,サッカー
田中,33,埼玉,サッカー
田中,33,埼玉,サッカー
田中,33,埼玉,サッカー
田中,33,埼玉,サッカー
田中,33,埼玉,サッカー
田中,33,埼玉,サッカー
田中,33,埼玉,サッカー
田中,33,埼玉,サッカー
田中,33,埼玉,サッカー
田中,33,埼玉,サッカー
田中,33,埼玉,サッカー
田中,33,埼玉,サッカー
田中,33,埼玉,サッカー
田中,33,埼玉,サッカー
田中,33,埼玉,サッカー
田中,33,埼玉,サッカー
田中,33,埼玉,サッカー
田中,33,埼玉,サッカー
田中,33,埼玉,サッカー
田中,33,埼玉,サッカー
田中,33,埼玉,サッカー
田中,33,埼玉,サッカー
田中,33,埼玉,サッカー
田中,33,埼玉,サッカー
田中,33,埼玉,サッカー
田中,33,埼玉,サッカー
田中,33,埼玉,サッカー
田中,33,埼玉,サッカー
田中,33,埼玉,サッカー
田中,33,埼玉,サッカー
田中,33,埼玉,サッカー
田中,33,埼玉,サッカー
田中,33,埼玉,サッカー
田中,33,埼玉,サッカー
田中,33,埼玉,サッカー
田中,33,埼玉,サッカー
田中,33,埼玉,サッカー
田中,33,埼玉,サッカー
田中,33,埼玉,サッカー
田中,33,埼玉,サッカー
田中,33,埼玉,サッカー
田中,33,埼玉,サッカー
田中,33,埼玉,サッカー
田中,33,埼玉,サッカー
田中,33,埼玉,サッカー
田中,33,埼玉,サッカー
田中,33,埼玉,サッカー
田中,33,埼玉,サッカー
田中,33,埼玉,サッカー
田中,33,埼玉,サッカー
田中,33,埼玉,サッカー
田中,33,埼玉,サッカー
田中,33,埼玉,サッカー
田中,33,埼玉,サッカー
田中,33,埼玉,サッカー
田中,33,埼玉,サッカー
田中,33,埼玉,サッカー
田中,33,埼玉,サッカー
田中,33,埼玉,サッカー
田中,33,埼玉,サッカー
田中,33,埼玉,サッカー
田中,33,埼玉,サッカー
田中,33,埼玉,サッカー
田中,33,埼玉,サッカー
田中,33,埼玉,サッカー
田中,33,埼玉,サッカー
田中,33,埼玉,サッカー
田中,33,埼玉,サッカー
田中,33,埼玉,サッカー
田中,33,埼玉,サッカー
田中,33,埼玉,サッカー
田中,33,埼玉,サッカー
田中,33,埼玉,サッカー
田中,33,埼玉,サッカー
田中,33,埼玉,サッカー
田中,33,埼玉,サッカー
田中,33,埼玉,サッカー
田中,33,埼玉,サッカー
田中,33,埼玉,サッカー
田中,33,埼玉,サッカー
田中,33,埼玉,サッカー
田中,33,埼玉,サッカー
田中,33,埼玉,サッカー
田中,33,埼玉,サッカー
田中,33,埼玉,サッカー
田中,33,埼玉,サッカー
田中,33,埼玉,サッカー
